<?xml version="1.0" encoding="UTF-8"?>
<project-private xmlns="http://www.netbeans.org/ns/project-private/1">
    <editor-bookmarks xmlns="http://www.netbeans.org/ns/editor-bookmarks/2" lastBookmarkId="0"/>
    <open-files xmlns="http://www.netbeans.org/ns/projectui-open-files/2">
        <group>
            <file>file:/D:/Semester%203/Lab211/P102/src/DAO/IncomeTaxDao.java</file>
            <file>file:/D:/Semester%203/Lab211/P102/src/Common/Validation.java</file>
            <file>file:/D:/Semester%203/Lab211/P102/src/View/TaxView.java</file>
            <file>file:/D:/Semester%203/Lab211/P102/src/Controller/TaxController.java</file>
            <file>file:/D:/Semester%203/Lab211/P102/src/Model/Person.java</file>
            <file>file:/D:/Semester%203/Lab211/P102/src/Common/Library.java</file>
            <file>file:/D:/Semester%203/Lab211/P102/src/Repository/IIncomeTaxRepository.java</file>
            <file>file:/D:/Semester%203/Lab211/P102/src/Repository/IncomeTaxRepository.java</file>
        </group>
    </open-files>
</project-private>
